{
    "display": {
      "icon": {
        "item": "minecraft:stone_bricks"
      },
      "title": "Just another block in the wall",
      "description": "Collect 5 stacks of stone bricks",
      "frame": "task",
      "show_toast": true,
      "announce_to_chat": true,
      "hidden": false
    },
    "parent": "sr:solar_radiation/gather/gather_cobblestone",
    "criteria": {
      "impossible_trigger": {
        "trigger": "impossible"
      }
    },
    "rewards": {
      "experience": 70
    }
  }
  