{
  "display": {
    "icon": {
      "item": "minecraft:wheat"
    },
    "title": "Get that grain",
    "description": "Collect a stack of hay blocks",
    "frame": "task",
    "show_toast": true,
    "announce_to_chat": true,
    "hidden": false
  },
  "parent": "sr:solar_radiation/gather/gather_logs",
  "criteria": {
    "wheat": {
      "trigger": "minecraft:inventory_changed",
      "conditions": {
        "items": [
          {
            "items": ["minecraft:hay_block"],
            "count": {
              "min": 64
            }
          }
        ]
      }
    }
  },
  "rewards": {
      "experience": 50
  }
}
