{
    "display": {
      "icon": {
        "item": "minecraft:golden_apple"
      },
      "title": "Ready for anything",
      "description": "Collect 10 golden apples",
      "frame": "goal",
      "show_toast": true,
      "announce_to_chat": true,
      "hidden": false
    },
    "parent": "sr:solar_radiation/gather/gather_wheat",
    "criteria": {
      "golden_apple": {
        "trigger": "minecraft:inventory_changed",
        "conditions": {
          "items": [
            {
              "items": ["minecraft:golden_apple"],
              "count": {
                "min": 10
              }
            }
          ]
        }
      }
    },
    "rewards": {
        "experience": 50
    }
  }
  