{
    "display": {
        "title": "Solar Radiation",
        "description": "Survive in an unforgiving radiated wasteland",
        "icon": {
            "item": "minecraft:sunflower"
        },
        "background": "minecraft:textures/block/gray_concrete.png",
        "show_toast": false,
        "announce_to_chat": false
    },
    "criteria": {
        "trigger": {
            "trigger": "minecraft:tick"
        }
    },
    "rewards": {
        "loot": [
            "sr:books/intro_book",
            "sr:books/decont_for_dummies"
        ],
        "function":"sr:restart_datapack"
    }
}