{
  "display": {
    "icon": {
      "item": "minecraft:chainmail_helmet"
    },
    "title": "Start of an outfit",
    "description": "Start a new fashion trend",
    "frame": "task",
    "show_toast": true,
    "announce_to_chat": true,
    "hidden": false
  },
  "parent": "sr:solar_radiation/take_cover",
  "criteria": {
    "head": {
      "trigger": "minecraft:recipe_crafted",
      "conditions": {
        "recipe_id": "minecraft:chainmail_helmet"
      }
    },
    "chest": {
      "trigger": "minecraft:recipe_crafted",
      "conditions": {
        "recipe_id": "minecraft:chainmail_chestplate"
      }
    },
    "legs": {
      "trigger": "minecraft:recipe_crafted",
      "conditions": {
        "recipe_id": "minecraft:chainmail_leggings"
      }
    },
    "feet": {
      "trigger": "minecraft:recipe_crafted",
      "conditions": {
        "recipe_id": "minecraft:chainmail_boots"
      }
    }
  },
  "requirements": [["head", "chest", "legs", "feet"]],
  "rewards": {
    "recipes": [
      "minecraft:chainmail_boots",
      "minecraft:chainmail_chestplate",
      "minecraft:chainmail_helmet",
      "minecraft:chainmail_leggings"
    ]
  },
  "sends_telemetry_event": false
}
