{
    "display": {
      "icon": {
        "item": "minecraft:chainmail_helmet"
      },
      "title": "Suit up!",
      "description": "Dress to impress... and survive",
      "frame": "goal",
      "show_toast": true,
      "announce_to_chat": true,
      "hidden": false
    },
    "parent": "sr:solar_radiation/start_outfit",
    "criteria": {
      "head": {
        "trigger": "minecraft:inventory_changed",
        "conditions": {
          "items": [
            {
              "items": [
                "minecraft:chainmail_helmet"
              ]
            }
          ]
        }
      },
      "chest": {
        "trigger": "minecraft:inventory_changed",
        "conditions": {
          "items": [
            {
              "items": [
                "minecraft:chainmail_chestplate"
              ]
            }
          ]
        }
      },
      "legs": {
        "trigger": "minecraft:inventory_changed",
        "conditions": {
          "items": [
            {
              "items": [
                "minecraft:chainmail_leggings"
              ]
            }
          ]
        }
      },
      "feet": {
        "trigger": "minecraft:inventory_changed",
        "conditions": {
          "items": [
            {
              "items": [
                "minecraft:chainmail_boots"
              ]
            }
          ]
        }
      }
    },
    "requirements": [
        [
          "head"
        ],
        [
          "chest"
        ],
        [
          "legs"
        ],
        [
          "feet"
        ]
      ],
    "rewards": {
      "experience": 25
    },
    "sends_telemetry_event": false
  }
  