{
    "pools": [
      {
        "rolls": 1,
        "entries": [
          {
            "type": "minecraft:item",
            "name": "minecraft:written_book",
            "functions": [
              {
                "function": "minecraft:set_nbt",
                "components": {
                  "minecraft:item_name": "[{\"text\":\"Welcome to Solar Radiation!\",\"bold\":true,\"color\":\"gold\"}]",
                  "minecraft:lore": [
                      "You find yourself in a post-apocalyptic world. The planet has moved closer to the sun, the Earth's atmosphere has thinned and with it, the protection it provided. Solar radiation is poisonous and can lead to death.",
                      "",
                      "- How to survive?",
                      "To survive in this new world you will have to avoid the sun as much as possible. Live underground or in shelters and only venture out at night.",
                      "If you must go out during the day, you will want to craft a full hazmat suit to protect yourself.",
                      "",
                      "- Hints",
                      "1) Solar radiation will go through some matter. Always have at least 3 solid blocks above your head to avoid radiation.",
                      "",
                      "2) Monitor your radiation levels. If they get too high, you will start to get radiation poisoning.",
                      "",
                      "3) To clear radiation poisoning, get out from under the sun. Milk can also help lower your contamination level.",
                      "",
                      "4) Wearing a hazmat suit can mean the difference between life and a painful demise. Crafting a full suit should be your priority.",
                      "",
                      "5) Caves offer good cover, but later on, you may want to invest in a bunker or some other shelter.",
                      "",
                      "6) Radiation can radiate. I know, that’s amazing! Stay away from other players when you are contaminated.",
                      "",
                      "7) Animals seem immune to direct solar radiation. However, second-hand radiation may be a different story for most animals."
                  ],
                  "minecraft:custom_data": {
                      "title": "Welcome to Solar Radiation",
                      "author": "Elfamir",
                      "CustomModelData": 1918010
                  }
              }

              },
              {
                "function": "minecraft:set_lore",
                "lore": [
                  [
                    "Introduction and helpfull tips"
                  ]
                ]
              }
            ]
          }
        ]
      }
    ]
  }
  