{
    "pools":[
        {
            "rolls": 1,
            "entries":[
                {
                    "type": "item",
                    "weight": 1,
                    "name": "minecraft:chainmail_helmet",
                    "functions":[
                        {
                            "function": "set_count",
                            "count": 1
                        },
                        {
                            "function": "set_nbt",
                            "tag": "{display:{Name:'[{\"text\":\"Hazmat Chestplate\",\"color\":\"gold\"}]',Lore:['[{\"text\":\"Part of the hazmat suit set.\",\"color\":\"red\"}]','[{\"text\":\"If complete, the suit will protect from radiations.\",\"color\":\"red\"}]']}"
                        }
                    ]
                }
            ]
        }
    ]
}