{
    "display": {
      "icon": {
        "item": "minecraft:item_frame",
        "nbt": "{CustomModelData:1918010}"
      },
      "title": "Potion preparations",
      "description": "Craft a Decontamination Kit"
    },
    "criteria": {
      "decont_kit": {
        "trigger": "minecraft:inventory_changed",
        "conditions": {
          "items": [
            {
              "items": [
                "minecraft:item_frame"
              ],
              "nbt": "{CustomModelData:1918010}"
            }
          ]
        }
      }
    },
    "parent":"sr:solar_radiation/cure/got_rads",
    "requirements": [
      ["decont_kit"]
    ],
    "rewards": {
        "experience": 50
    }
  }
  