{
    "pools":[
        {
            "rolls": 1,
            "entries":[
                {
                    "type": "item",
                    "weight": 1,
                    "name": "minecraft:chainmail_helmet",
                    "functions":[
                        {
                            "function": "set_count",
                            "count": 1
                        },
                        {
                            "function": "set_nbt",
                            "components": {
                                "minecraft:item_name": "[{\"text\":\"Hazmat Chestplate\",\"color\":\"gold\"}]",
                                "minecraft:lore": [
                                    "Part of the hazmat suit set.",
                                    "If complete, the suit will protect from radiation."
                                ]
                            }
                        }
                    ]
                }
            ]
        }
    ]
}