{
    "parent": "minecraft:recipes/root",
    "criteria": {
      "has_iron_ingot": {
        "conditions": {
          "items": [
            {
              "items": [
                "minecraft:iron_ingot"
              ]
            }
          ]
        },
        "trigger": "minecraft:inventory_changed"
      },
      "has_leather": {
        "conditions": {
          "items": [
            {
              "items": [
                "minecraft:leather"
              ]
            }
          ]
        },
        "trigger": "minecraft:inventory_changed"
      },
      "has_the_recipe": {
        "conditions": {
          "recipe": "minecraft:chainmail_chestplate"
        },
        "trigger": "minecraft:recipe_unlocked"
      }
    },
    "requirements": [
      [
        "has_iron_ingot",
        "has_leather",
        "has_the_recipe"
      ]
    ],
    "rewards": {
      "recipes": [
        "minecraft:chainmail_chestplate"
      ]
    },
    "sends_telemetry_event": false
  }