{
    "type": "minecraft:block",
    "pools": [
      {
        "rolls": 1,
        "entries": [
          {
            "type": "minecraft:item",
            "name": "minecraft:item_frame",
            "functions": [
              {
                "function": "minecraft:set_name",
                "entity": "this",
                "name": "Decontamination Kit"
              },
              {
                "function": "minecraft:set_nbt",
                "tag": "{display:{Name:'{\"text\":\"Decontamination Kit\",\"color\":\"aqua\"}'},CustomModelData:1918010,EntityTag:{Fixed:1b,Invisible:1b,Silent:1b,Tags:[\"decont_kit_frame\"]}}"
              }
            ]
          }
        ]
      }
    ]
  }
  