{
  "type": "minecraft:generic",
  "pools": [
    {
      "rolls": 1,
      "entries": [
        {
          "type": "minecraft:item",
          "name": "minecraft:splash_potion"
        }
      ],
      "functions": [
        {
          "function": "minecraft:set_name",
          "entity": "this",
          "name": "Splash Potion of Decontamination"
        },
        {
          "function": "minecraft:set_nbt",
          "tag": "{display:{Name:'{\"text\":\"Splash Potion of Decontamination\"}',Lore:['{\"text\":\"Use to cure Radiation poisoning\"}']},CustomPotionEffects:[{Id:26,Amplifier:0b,Duration:40}],CustomPotionColor:760906}"
        }
      ]
    }
  ]
}
