{
    "type": "minecraft:block",
    "pools": [
      {
        "rolls": 1,
        "entries": [
          {
            "type": "minecraft:item",
            "name": "minecraft:item_frame",
            "functions": [
              {
                "function": "minecraft:set_name",
                "entity": "this",
                "name": "Decontamination Kit"
              },
              {
                "function": "minecraft:set_nbt",
                "components": {
                  "minecraft:item_name": "[{'text':'Decontamination Kit','color':'aqua'}]",
                  "minecraft:custom_data": {
                  "CustomModelData": 1918010,
                  "EntityTag": {
                      "Fixed": 1,
                      "Invisible": 1,
                      "Silent": 1,
                      "Tags": ["decont_kit_frame"]
                    }
                  }
                }
              }
            ]
          }
        ]
      }
    ]
  }
  